date,total_clones,unique_cloners,last_updated
2025-10-06,3,3,2025-10-20 08:20:22 UTC
2025-10-07,71,29,2025-10-21 08:21:01 UTC
2025-10-08,92,37,2025-10-22 08:21:44 UTC
2025-10-09,63,27,2025-10-23 08:20:31 UTC
2025-10-10,11,5,2025-10-24 08:19:33 UTC
2025-10-11,1,1,2025-10-25 08:16:40 UTC
2025-10-12,7,5,2025-10-25 08:16:40 UTC
2025-10-13,1,1,2025-10-27 08:20:50 UTC
2025-10-14,22,11,2025-10-27 08:20:50 UTC
2025-10-15,13,7,2025-10-27 08:20:50 UTC
2025-10-16,6,3,2025-10-27 08:20:50 UTC
2025-10-17,8,4,2025-10-27 08:20:50 UTC
2025-10-18,5,3,2025-10-27 08:20:50 UTC
2025-10-19,4,2,2025-10-27 08:20:50 UTC
2025-10-20,18,9,2025-10-27 08:20:50 UTC
2025-10-21,9,4,2025-10-27 08:20:50 UTC
2025-10-22,3,1,2025-10-27 08:20:50 UTC
2025-10-23,6,3,2025-10-27 08:20:50 UTC
2025-10-24,7,3,2025-10-27 08:20:50 UTC
2025-10-25,5,2,2025-10-27 08:20:50 UTC
2025-10-26,12,9,2025-10-27 08:20:50 UTC
